{
  "Get All Food Items" : {
    "transaction" : "Get All Food Items",
    "sampleCount" : 200,
    "errorCount" : 200,
    "errorPct" : 100.0,
    "meanResTime" : 352.63499999999993,
    "medianResTime" : 240.0,
    "minResTime" : 158.0,
    "maxResTime" : 6986.0,
    "pct1ResTime" : 429.1,
    "pct2ResTime" : 645.0,
    "pct3ResTime" : 3579.930000000013,
    "throughput" : 3.236874474007898,
    "receivedKBytesPerSec" : 13.051811233572863,
    "sentKBytesPerSec" : 0.39512627856541727
  },
  "Total" : {
    "transaction" : "Total",
    "sampleCount" : 600,
    "errorCount" : 400,
    "errorPct" : 66.666664,
    "meanResTime" : 366.6199999999996,
    "medianResTime" : 222.5,
    "minResTime" : 145.0,
    "maxResTime" : 7792.0,
    "pct1ResTime" : 454.29999999999984,
    "pct2ResTime" : 810.1999999999975,
    "pct3ResTime" : 4523.940000000008,
    "throughput" : 9.343174810800711,
    "receivedKBytesPerSec" : 19.525775483509296,
    "sentKBytesPerSec" : 1.5115748310442554
  },
  "Search Food Items" : {
    "transaction" : "Search Food Items",
    "sampleCount" : 200,
    "errorCount" : 0,
    "errorPct" : 0.0,
    "meanResTime" : 370.39500000000015,
    "medianResTime" : 219.0,
    "minResTime" : 145.0,
    "maxResTime" : 6575.0,
    "pct1ResTime" : 557.6000000000001,
    "pct2ResTime" : 1040.9499999999987,
    "pct3ResTime" : 4837.770000000011,
    "throughput" : 3.2413860166607242,
    "receivedKBytesPerSec" : 6.24220041489741,
    "sentKBytesPerSec" : 0.44315824446533336
  },
  "User Login" : {
    "transaction" : "User Login",
    "sampleCount" : 200,
    "errorCount" : 200,
    "errorPct" : 100.0,
    "meanResTime" : 376.8299999999999,
    "medianResTime" : 210.0,
    "minResTime" : 146.0,
    "maxResTime" : 7792.0,
    "pct1ResTime" : 444.00000000000006,
    "pct2ResTime" : 1023.8499999999974,
    "pct3ResTime" : 5955.630000000013,
    "throughput" : 3.244435792615664,
    "receivedKBytesPerSec" : 1.0107177908636689,
    "sentKBytesPerSec" : 0.7350674842644864
  }
}