{
  "Health Check" : {
    "transaction" : "Health Check",
    "sampleCount" : 30,
    "errorCount" : 0,
    "errorPct" : 0.0,
    "meanResTime" : 6.6,
    "medianResTime" : 3.0,
    "minResTime" : 2.0,
    "maxResTime" : 118.0,
    "pct1ResTime" : 4.0,
    "pct2ResTime" : 55.29999999999992,
    "pct3ResTime" : 118.0,
    "throughput" : 2.3333592595473283,
    "receivedKBytesPerSec" : 0.8408296550517228,
    "sentKBytesPerSec" : 0.28939123629151436
  },
  "Total" : {
    "transaction" : "Total",
    "sampleCount" : 120,
    "errorCount" : 60,
    "errorPct" : 50.0,
    "meanResTime" : 3.7250000000000005,
    "medianResTime" : 2.0,
    "minResTime" : 1.0,
    "maxResTime" : 118.0,
    "pct1ResTime" : 3.0,
    "pct2ResTime" : 4.0,
    "pct3ResTime" : 101.82999999999939,
    "throughput" : 8.342022940563087,
    "receivedKBytesPerSec" : 3.826821558915537,
    "sentKBytesPerSec" : 1.2504887904066737
  },
  "Get Food Items" : {
    "transaction" : "Get Food Items",
    "sampleCount" : 30,
    "errorCount" : 0,
    "errorPct" : 0.0,
    "meanResTime" : 2.1999999999999997,
    "medianResTime" : 2.0,
    "minResTime" : 1.0,
    "maxResTime" : 4.0,
    "pct1ResTime" : 3.0,
    "pct2ResTime" : 3.4499999999999993,
    "pct3ResTime" : 4.0,
    "throughput" : 2.354972917811445,
    "receivedKBytesPerSec" : 1.816824809639689,
    "sentKBytesPerSec" : 0.2874722800062799
  },
  "Login" : {
    "transaction" : "Login",
    "sampleCount" : 30,
    "errorCount" : 30,
    "errorPct" : 100.0,
    "meanResTime" : 3.566666666666667,
    "medianResTime" : 2.0,
    "minResTime" : 1.0,
    "maxResTime" : 41.0,
    "pct1ResTime" : 3.0,
    "pct2ResTime" : 20.649999999999974,
    "pct3ResTime" : 41.0,
    "throughput" : 2.3540489642184554,
    "receivedKBytesPerSec" : 0.8528829743408664,
    "sentKBytesPerSec" : 0.4206942973163842
  },
  "Create Order" : {
    "transaction" : "Create Order",
    "sampleCount" : 30,
    "errorCount" : 30,
    "errorPct" : 100.0,
    "meanResTime" : 2.533333333333333,
    "medianResTime" : 2.0,
    "minResTime" : 1.0,
    "maxResTime" : 6.0,
    "pct1ResTime" : 3.900000000000002,
    "pct2ResTime" : 4.899999999999999,
    "pct3ResTime" : 6.0,
    "throughput" : 2.3605319065229367,
    "receivedKBytesPerSec" : 0.8045172220473681,
    "sentKBytesPerSec" : 0.4126320422535211
  }
}